""	"Theta"	"DeltaD"	"DeltaS"	"Lambda"	"Rho"	"LogLik"	Sample
"Mean"	0.0367837175165087	0.0459503292732791	6.90035371119552e-07	0.0998848176339264	0.41351963310411	-149653.544532869	29779
"Std."	1.59151256883765e-05	5.20620442015089e-05	6.662781323628e-07	0.000468538604976789	0.000239972215060155	1.77225014964924	29779
"Acceptance ratio"	0.1703	0.10746	0.06122	0.12014	0.19538	0.50738	29779
"0%"	0.0367230956153041	0.0457815926770709	3.75916399441325e-10	0.0981167474656045	0.412516773582422	-149665.862126635	29779
"2.5%"	0.0367514359750899	0.0458519410154395	1.2813434852685e-08	0.0989784951100186	0.413054698177148	-149657.905151361	29779
"5%"	0.0367573344081709	0.0458645265311417	3.32375344822946e-08	0.0991172196589082	0.413129146288166	-149656.979404294	29779
"7.5%"	0.03676093490827	0.0458750180459983	5.5504520720397e-08	0.0992174372240821	0.413176093983244	-149656.338622291	29779
"10%"	0.0367634392156944	0.0458833617886386	7.93358974596443e-08	0.0992844636425565	0.413215337913921	-149655.889195325	29779
"12.5%"	0.0367655134493754	0.045890605135773	9.9525101248448e-08	0.0993442670000544	0.413246514429178	-149655.579302243	29779
"15%"	0.0367673977278192	0.0458961479662907	1.20374598611262e-07	0.0993930325635235	0.413275411000642	-149655.284555017	29779
"17.5%"	0.0367690403006058	0.0459007924290962	1.46145020994079e-07	0.0994457016212197	0.41329771569091	-149655.029738819	29779
"20%"	0.0367705479719976	0.0459057138878355	1.7519729636181e-07	0.0994959088288648	0.413321549455955	-149654.83262969	29779
"22.5%"	0.0367722297843676	0.0459099653347363	1.97644955941685e-07	0.099537522270308	0.413340256669171	-149654.63568206	29779
"25%"	0.0367732108730594	0.0459136492984744	2.20453177840733e-07	0.0995706156229142	0.413358444053178	-149654.475962146	29779
"27.5%"	0.0367743711587215	0.045917763303214	2.4182549206036e-07	0.0996040967996696	0.413377355048878	-149654.321939043	29779
"30%"	0.0367755773649938	0.0459214818025984	2.65511387662906e-07	0.0996398377792602	0.413394585119971	-149654.172837689	29779
"32.5%"	0.0367766479695617	0.0459250202544035	2.89202414524501e-07	0.0996731903542506	0.413412000522209	-149654.03581128	29779
"35%"	0.0367778400795099	0.0459281510401209	3.11743799430094e-07	0.0997010822127177	0.41342695188656	-149653.894705399	29779
"37.5%"	0.0367790445854025	0.0459322387490778	3.3779250690182e-07	0.0997324388054202	0.413443377285875	-149653.769956092	29779
"40%"	0.0367800658052174	0.0459362400191635	3.71015900203369e-07	0.0997622395871943	0.413458235792708	-149653.642857848	29779
"42.5%"	0.0367810307657591	0.0459394251553077	3.97259862931693e-07	0.0997874504795559	0.413473193430154	-149653.528214787	29779
"45%"	0.0367821064383641	0.0459431525459342	4.20101515559321e-07	0.0998126254561464	0.413488513369743	-149653.418619778	29779
"47.5%"	0.0367830557862294	0.0459470861522234	4.47237056087303e-07	0.099844400115248	0.413504851548115	-149653.308310604	29779
"50%"	0.0367838861244039	0.0459507401909638	4.74674511493601e-07	0.099872333763662	0.413519182012909	-149653.207514093	29779
"52.5%"	0.0367848150647324	0.0459536425352895	5.30206652403188e-07	0.0999029212354522	0.413532788083436	-149653.106755802	29779
"55%"	0.0367856923783058	0.0459568299801998	5.65932147310534e-07	0.0999322278093274	0.413547806627522	-149653.004617856	29779
"57.5%"	0.0367867176547417	0.0459606583004933	6.06935988251055e-07	0.0999685965310495	0.413564893000327	-149652.902609518	29779
"60%"	0.0367876172573235	0.0459636267998403	6.49502710548595e-07	0.100003889071359	0.413578455049089	-149652.803899463	29779
"62.5%"	0.0367886941424266	0.0459672337786292	6.81782734135322e-07	0.100038355675285	0.41359565649973	-149652.709276483	29779
"65%"	0.036789772647664	0.0459705447040378	7.37932439972342e-07	0.100072419155073	0.41360856541803	-149652.619033727	29779
"67.5%"	0.0367906744397788	0.0459739236063148	7.82550981461085e-07	0.100098916829793	0.413623248487232	-149652.523117789	29779
"70%"	0.0367917397906325	0.0459779283788386	8.43607986359243e-07	0.100130904234861	0.413641093049189	-149652.433498145	29779
"72.5%"	0.0367930209795103	0.0459825719722913	8.94339628266998e-07	0.100173398118306	0.413658732981339	-149652.340861785	29779
"75%"	0.0367940899358291	0.0459861546590633	9.53004786218991e-07	0.100207604120523	0.413676324623141	-149652.249975328	29779
"77.5%"	0.0367953798633915	0.0459893136184916	1.03182843932767e-06	0.100245322782284	0.413695896971309	-149652.157169107	29779
"80%"	0.036796945392088	0.045993558002967	1.12195543121364e-06	0.100285508459814	0.413714065439516	-149652.055658468	29779
"82.5%"	0.0367983382099501	0.0459987391559525	1.20515117119768e-06	0.100334125479409	0.413743198231478	-149651.950621982	29779
"85%"	0.0367999536598652	0.0460041479173093	1.28329801926897e-06	0.100379270892953	0.413765734775649	-149651.852829322	29779
"87.5%"	0.0368016232201476	0.0460093096309307	1.40754276196038e-06	0.100430353579547	0.413793648777474	-149651.736346173	29779
"90%"	0.0368037145401506	0.0460168619466268	1.52983707076759e-06	0.100504584135282	0.413826215968068	-149651.610359855	29779
"92.5%"	0.0368069023573232	0.0460248019250506	1.73351457948308e-06	0.100583422210386	0.413860139921196	-149651.479319906	29779
"95%"	0.0368100478760511	0.0460366434960929	2.0425954228259e-06	0.100664153232932	0.413913417054566	-149651.331930842	29779
"97.5%"	0.0368150963551639	0.0460557700024539	2.44828177027496e-06	0.100784516095213	0.414005158627987	-149651.114420851	29779
"100%"	0.0368383423046076	0.0461514447353876	7.65303439623247e-06	0.101461017310011	0.414557421792919	-149650.555280503	29779
"Mean"	0.0369849010484554	0.043662896241486	4.0015413244369e-07	0.0929845447900053	0.401816521415124	-106063.723312254	383194
"Std."	1.01047083377183e-05	3.63897584032583e-05	3.96179026703031e-07	0.00032422764998524	0.00014799787192649	1.70953207227348	383194
"Acceptance ratio"	0.11118	0.1393	0.0374	0.15534	0.12334	0.45322	383194
"0%"	0.0369466176249668	0.0435248574697807	6.8208359513987e-11	0.0916321131434241	0.401241349050012	-106077.167278524	383194
"2.5%"	0.0369654001460211	0.0435927597487696	6.67881525199762e-09	0.0923639151169797	0.401521267902143	-106067.798107513	383194
"5%"	0.0369682763556835	0.0436039962409265	2.14014576696707e-08	0.0924591131628542	0.401576840971222	-106066.951889767	383194
"7.5%"	0.0369703480855498	0.0436108801882581	3.18944487003141e-08	0.0925194880492895	0.401604569981699	-106066.405441104	383194
"10%"	0.0369719252662352	0.043615815554658	4.55427535721928e-08	0.0925679236869806	0.4016262733406	-106066.013789416	383194
"12.5%"	0.0369731546485845	0.0436202936346967	5.92275903164255e-08	0.0926108860427961	0.401644467430752	-106065.689626921	383194
"15%"	0.0369742285115507	0.0436244869690999	7.40253814236241e-08	0.0926461071801954	0.401660599602662	-106065.421514861	383194
"17.5%"	0.0369753957099347	0.0436282213917279	8.52674359228002e-08	0.0926772357246322	0.401677635191452	-106065.186446349	383194
"20%"	0.036976367219745	0.0436315131641478	1.00292437557583e-07	0.0927091938649056	0.40169179502618	-106064.978567109	383194
"22.5%"	0.036977170493021	0.043634534575726	1.08013397334184e-07	0.0927342715759178	0.401706061166255	-106064.786178457	383194
"25%"	0.0369778744069574	0.0436378795631305	1.23804665902972e-07	0.092765408575154	0.401714992058373	-106064.60547469	383194
"27.5%"	0.0369787145713456	0.0436405373504521	1.32335758974305e-07	0.0927897687409247	0.401727200736318	-106064.456974262	383194
"30%"	0.0369795557126559	0.0436427529225436	1.47208606221126e-07	0.0928101736790861	0.401737214371276	-106064.314262807	383194
"32.5%"	0.0369802941894888	0.0436455634054284	1.65053999675536e-07	0.0928316026527268	0.401748070424654	-106064.191002327	383194
"35%"	0.0369808820653343	0.0436482443649956	1.76802732841884e-07	0.0928553271757732	0.401759939764524	-106064.068292068	383194
"37.5%"	0.0369815854022928	0.0436509550524587	1.94812458164123e-07	0.0928789786531685	0.401770446048883	-106063.9463496	383194
"40%"	0.0369822072393124	0.0436534736823867	2.18280724865213e-07	0.092898574748016	0.401778325139398	-106063.836395716	383194
"42.5%"	0.0369828608697778	0.0436559339248179	2.28785326968193e-07	0.0929213875217925	0.401787379318788	-106063.733418517	383194
"45%"	0.0369834927194213	0.0436582409269305	2.47327308034491e-07	0.0929415188389676	0.401797711407489	-106063.625396329	383194
"47.5%"	0.0369841383318392	0.0436607343585786	2.61603754800422e-07	0.0929623373327596	0.40180796326266	-106063.521912033	383194
"50%"	0.0369847538791013	0.0436630188831539	2.77010902868054e-07	0.0929813202195505	0.401817250696836	-106063.415134907	383194
"52.5%"	0.0369854464403627	0.043665189417141	2.96938591792467e-07	0.0930014312873028	0.40182891724725	-106063.30967924	383194
"55%"	0.0369860420575711	0.0436676208117882	3.26184138577759e-07	0.0930214575497937	0.40183988170489	-106063.212102734	383194
"57.5%"	0.0369869038796652	0.0436701329739607	3.45736067784603e-07	0.0930425861260869	0.401847472179743	-106063.114704301	383194
"60%"	0.0369876390849918	0.0436725502890302	3.65709063647398e-07	0.093067123179157	0.401856831591949	-106063.022813224	383194
"62.5%"	0.0369882216649671	0.0436752222882209	3.79628972528431e-07	0.0930900442925598	0.401868573015425	-106062.919229037	383194
"65%"	0.0369888730360146	0.0436774780597405	4.12127098148537e-07	0.0931119930911228	0.401876125857459	-106062.837406775	383194
"67.5%"	0.0369896542557097	0.0436800581654161	4.38636573526786e-07	0.093133578995242	0.401885688447146	-106062.750991485	383194
"70%"	0.0369903028269233	0.0436824404970302	4.8707889562281e-07	0.0931581229180621	0.401895176929323	-106062.660407571	383194
"72.5%"	0.036991134435238	0.0436849915949606	5.19264067741166e-07	0.0931815440642908	0.401905733006518	-106062.562156974	383194
"75%"	0.0369918824269048	0.043687403596843	5.57742529794724e-07	0.0932061798908483	0.401917668288869	-106062.47151093	383194
"77.5%"	0.0369925573518966	0.0436903151883603	5.81993095855846e-07	0.0932306431768914	0.401929234525892	-106062.377915208	383194
"80%"	0.0369935200304257	0.0436936457725402	6.29714270864114e-07	0.0932585604597631	0.401942014153792	-106062.28644811	383194
"82.5%"	0.0369945028953787	0.0436973552047416	6.88569991314994e-07	0.0932893599594783	0.401954512598296	-106062.193184513	383194
"85%"	0.0369955339234536	0.0437012705331881	7.55714719371696e-07	0.0933198461260248	0.40196940214539	-106062.085832189	383194
"87.5%"	0.0369966295341769	0.0437059263657397	8.34668440482088e-07	0.0933552038279287	0.401983664941277	-106061.974467758	383194
"90%"	0.0369979207813463	0.0437098147707887	9.04476864406639e-07	0.0934049539534412	0.401999581114398	-106061.858245748	383194
"92.5%"	0.0369996029005488	0.0437159516529795	1.01429297402031e-06	0.0934501379832177	0.402021831554902	-106061.71527714	383194
"95%"	0.0370018038457694	0.0437232628747437	1.16892699672148e-06	0.0935174071954643	0.402055607365362	-106061.561277229	383194
"97.5%"	0.0370043004215032	0.0437325520842747	1.42579789099071e-06	0.0936161204298374	0.402111837566291	-106061.375305411	383194
"100%"	0.0370321408136547	0.0438297225310875	3.74271047074913e-06	0.0943322604021594	0.402357073603425	-106060.858084042	383194
"Mean"	0.0382068744852387	0.0392550827103239	5.70912273572499e-07	0.105844099926291	0.403392608366955	-151649.180140998	383202
"Std."	1.56484808281882e-05	4.34465323672638e-05	5.72050839522018e-07	0.00047507681780097	0.000222237198356073	1.72599074903203	383202
"Acceptance ratio"	0.16694	0.19422	0.0517	0.13642	0.18644	0.55172	383202
"0%"	0.0381405924062873	0.0391082663977393	3.69518579933384e-11	0.103878680210407	0.402448585224385	-151661.790198441	383202
"2.5%"	0.0381759331958005	0.0391654919645439	1.67170274792897e-08	0.104922902085042	0.402961838722872	-151653.41670125	383202
"5%"	0.0381811283746969	0.0391815852904868	3.64969896054924e-08	0.105078647152736	0.403030189915372	-151652.510782326	383202
"7.5%"	0.0381842256564572	0.0391919052564656	4.86590945207053e-08	0.10517371743556	0.403077338902666	-151651.904784842	383202
"10%"	0.038186427687734	0.0391995911699199	5.84010908249718e-08	0.10523945966677	0.403110497047967	-151651.51336677	383202
"12.5%"	0.0381885893542454	0.0392052482487731	8.1823735002758e-08	0.105300945243988	0.403140064365383	-151651.176560811	383202
"15%"	0.0381904640833256	0.0392107389478039	1.00448276398121e-07	0.105357761464111	0.403166334587993	-151650.912436976	383202
"17.5%"	0.0381921922520763	0.0392152553835554	1.13230973101797e-07	0.105409100780781	0.403185743956981	-151650.656745283	383202
"20%"	0.0381936061555005	0.0392191968923897	1.30803558415003e-07	0.105448780454776	0.403204624712189	-151650.438692567	383202
"22.5%"	0.0381949979939136	0.0392230004159752	1.47697935425193e-07	0.105478108074538	0.403224760961389	-151650.261742585	383202
"25%"	0.0381962760268243	0.0392263225628562	1.59807345314766e-07	0.105522823425001	0.403241947116434	-151650.091233085	383202
"27.5%"	0.0381973779552577	0.0392294557829332	1.75571556467654e-07	0.105558139186179	0.403258403360268	-151649.924013895	383202
"30%"	0.0381985167889766	0.0392323616215282	1.94722709651952e-07	0.105588585523938	0.403271388676812	-151649.779891548	383202
"32.5%"	0.0381997655675976	0.0392357534676437	2.18214708326253e-07	0.105624751168983	0.403284551028025	-151649.643824046	383202
"35%"	0.0382008513936573	0.0392388172444534	2.41952003555045e-07	0.105653937214272	0.40330135814364	-151649.516053253	383202
"37.5%"	0.0382019786544969	0.0392420488842656	2.64849337943418e-07	0.105687106111082	0.403317610003089	-151649.392464211	383202
"40%"	0.0382030583811381	0.0392447687086486	2.86644562971314e-07	0.105717340367319	0.403334485902334	-151649.275330779	383202
"42.5%"	0.0382041201899869	0.0392473636389545	3.1601765757009e-07	0.105747577123942	0.403349076546091	-151649.157163844	383202
"45%"	0.0382051673219649	0.0392506602216551	3.49862561135794e-07	0.105776995128476	0.403364016051323	-151649.050698699	383202
"47.5%"	0.0382062725256864	0.039253049077166	3.80116481747375e-07	0.105806398983857	0.40337595804716	-151648.946359842	383202
"50%"	0.0382073180223043	0.0392559243913144	4.0402622994094e-07	0.105830842433522	0.403389877811969	-151648.84607259	383202
"52.5%"	0.0382082569946013	0.0392586830619243	4.34667819778958e-07	0.105863769345656	0.403405209286688	-151648.750645214	383202
"55%"	0.0382090626342403	0.0392613493120586	4.64661014577918e-07	0.105891881003093	0.403418770488054	-151648.663169438	383202
"57.5%"	0.0382101336725863	0.0392640974407773	4.88780786096019e-07	0.105923616137961	0.403432297428817	-151648.568527717	383202
"60%"	0.0382110582614813	0.0392665689865879	5.2254656585842e-07	0.105956626834171	0.403446617925842	-151648.470007365	383202
"62.5%"	0.0382121202031077	0.0392693638598432	5.58239651011056e-07	0.105986316689296	0.403462338711446	-151648.377740096	383202
"65%"	0.0382132278385508	0.0392723568541865	6.02882492529991e-07	0.106020002704118	0.403476276406126	-151648.284188292	383202
"67.5%"	0.038214146012808	0.0392753550476907	6.50565327283258e-07	0.106053638049924	0.403491616142876	-151648.184750182	383202
"70%"	0.0382152218600451	0.039278636354235	6.94400487289305e-07	0.106089697045074	0.403506823954259	-151648.086746172	383202
"72.5%"	0.0382165442123964	0.0392815440738822	7.38451186163458e-07	0.106126198878815	0.403525590314115	-151647.993835594	383202
"75%"	0.0382176820819644	0.0392846967355913	7.88880972783376e-07	0.106159646071126	0.403538578917739	-151647.903975823	383202
"77.5%"	0.0382189476250692	0.0392882247253612	8.56959715414263e-07	0.106197055142673	0.403555761548054	-151647.810260954	383202
"80%"	0.0382202408257478	0.0392918072700925	9.23045186653451e-07	0.106239563577074	0.40357655415326	-151647.715444721	383202
"82.5%"	0.0382215123944497	0.0392957219424798	9.89270710461066e-07	0.106283268314645	0.40359807959396	-151647.620398274	383202
"85%"	0.0382230695714372	0.0392999286752749	1.07072098773794e-06	0.106328499285812	0.403623092389691	-151647.515350557	383202
"87.5%"	0.0382247646412578	0.0393042002232359	1.17880308226109e-06	0.106388553211446	0.403648984736984	-151647.410913664	383202
"90%"	0.0382266136210184	0.0393101762703151	1.30939903349344e-06	0.106461131448363	0.403679745685661	-151647.29891468	383202
"92.5%"	0.0382289159952253	0.0393159376626249	1.43027960068353e-06	0.106553141371607	0.403719166078651	-151647.174230396	383202
"95%"	0.0382323847145157	0.0393255882613422	1.67889207572412e-06	0.106649387363014	0.403764872310392	-151647.024329387	383202
"97.5%"	0.0382366907862211	0.0393388225941339	2.10158325351289e-06	0.106817480415457	0.403842087987586	-151646.832427752	383202
"100%"	0.0382735980516926	0.0394227918464389	4.58845180634528e-06	0.107599307862498	0.404209389796572	-151646.263995074	383202
"Mean"	0.0370180596291414	0.0523352542018236	8.84955334024506e-07	0.0862234667355539	0.410169288524546	-277397.296682597	383205
"Std."	1.38893770647074e-05	5.52064410653136e-05	8.8198092342865e-07	0.00039191530312264	0.000204839125089766	1.71816061200636	383205
"Acceptance ratio"	0.15232	0.19504	0.0829	0.17624	0.16996	0.57162	383205
"0%"	0.0369636628126664	0.0521290299192165	1.31094929868674e-09	0.0847463118371523	0.4092998927042	-277409.761156512	383205
"2.5%"	0.0369900368766126	0.052223645521492	2.53451692861541e-08	0.0854582005983128	0.409772648752435	-277401.52626446	383205
"5%"	0.0369949319377405	0.0522432358545052	5.63639431234584e-08	0.0855806034053982	0.409838291054706	-277400.563439045	383205
"7.5%"	0.0369980909373271	0.0522557767994397	7.77126914020981e-08	0.0856680485804072	0.409878744838811	-277400.026649302	383205
"10%"	0.0370001173377732	0.0522650323567824	1.05705146583377e-07	0.0857289785815957	0.409909523602576	-277399.626732533	383205
"12.5%"	0.0370019702696877	0.0522725555507169	1.23623691327826e-07	0.0857789592865321	0.409934841907075	-277399.302269464	383205
"15%"	0.0370034737404818	0.0522782225847526	1.47424453815405e-07	0.0858221050781043	0.409956401529529	-277399.032393713	383205
"17.5%"	0.0370048155067986	0.0522838811337261	1.73222445238544e-07	0.0858560632373948	0.409978703539231	-277398.800123584	383205
"20%"	0.0370064017187799	0.0522887303130436	2.05647696773586e-07	0.0858956646775983	0.409996917957595	-277398.587293684	383205
"22.5%"	0.0370075999226178	0.0522942512025753	2.29038101614782e-07	0.0859315945167788	0.410015035289459	-277398.410666412	383205
"25%"	0.037008886406905	0.0522987093107748	2.61242457486001e-07	0.0859598061778327	0.410028880467713	-277398.23577381	383205
"27.5%"	0.037009866014691	0.0523032071621665	2.79869810437585e-07	0.0859921892504562	0.410044052520245	-277398.078708445	383205
"30%"	0.0370107362133602	0.0523072663069261	3.12674934887306e-07	0.0860196813328727	0.41006207822331	-277397.930887746	383205
"32.5%"	0.0370118229316565	0.0523114771247856	3.39547968659061e-07	0.0860420583650569	0.410075679921523	-277397.791905399	383205
"35%"	0.0370127654420547	0.0523157687709446	3.70963155890812e-07	0.0860673315060813	0.410090114672055	-277397.647362718	383205
"37.5%"	0.0370137480602187	0.0523193374686848	4.04273076714852e-07	0.0860912217495267	0.410101917502248	-277397.517367985	383205
"40%"	0.0370147558223736	0.0523223971726812	4.38937869239373e-07	0.0861224126422881	0.410114989865718	-277397.403600721	383205
"42.5%"	0.0370156490293799	0.0523259599018426	4.68810357334567e-07	0.0861448320385005	0.410126816934883	-277397.279202651	383205
"45%"	0.037016686959208	0.0523289407585355	5.17662750282238e-07	0.0861711992207141	0.410138301839229	-277397.165792191	383205
"47.5%"	0.0370176126693335	0.0523323848602756	5.65571138644951e-07	0.0861957479991307	0.410149669672524	-277397.058228774	383205
"50%"	0.0370184781154777	0.0523353216005053	6.07437460670333e-07	0.0862187994827602	0.41016449891926	-277396.952145465	383205
"52.5%"	0.0370193060408407	0.0523387788490766	6.51906309852614e-07	0.0862437000944702	0.410177342922652	-277396.85164816	383205
"55%"	0.0370201519213096	0.0523418289351221	6.92282251325206e-07	0.086270663741264	0.410192273078228	-277396.752088309	383205
"57.5%"	0.0370209719870188	0.0523457803654196	7.51137601711428e-07	0.0862934161018989	0.410204908189588	-277396.654218776	383205
"60%"	0.0370218138263804	0.0523493732974188	8.26152003326472e-07	0.0863155878664118	0.410216896452964	-277396.55932106	383205
"62.5%"	0.0370226785546401	0.0523532953609021	8.79320363892245e-07	0.0863399113396102	0.410231824775855	-277396.475275789	383205
"65%"	0.0370236831114898	0.0523567342089918	9.26399272283366e-07	0.0863701389845568	0.410245961834871	-277396.382507828	383205
"67.5%"	0.037024669724942	0.0523604946994053	9.91294019371775e-07	0.0863956079146157	0.410259330470224	-277396.297238865	383205
"70%"	0.0370254474270873	0.0523642654735616	1.06503872232417e-06	0.0864251293269337	0.410275158689325	-277396.209950909	383205
"72.5%"	0.0370263693225444	0.0523680830921624	1.14893510533139e-06	0.0864509492018449	0.410292339813207	-277396.121467224	383205
"75%"	0.0370274342460985	0.0523724192532756	1.22681040192427e-06	0.0864788175142318	0.410308947555147	-277396.034423234	383205
"77.5%"	0.0370285415041929	0.0523774121575128	1.32268062906638e-06	0.086510837212313	0.410324525344639	-277395.936938073	383205
"80%"	0.0370296282033781	0.0523821918539693	1.43197049693048e-06	0.0865493588911179	0.410342605352952	-277395.841938224	383205
"82.5%"	0.0370308802228275	0.0523865957901169	1.55917378678144e-06	0.0865864759628238	0.410361995612358	-277395.74312045	383205
"85%"	0.0370325640357734	0.0523917971204624	1.67811559876474e-06	0.0866267522592112	0.410383949555264	-277395.641460498	383205
"87.5%"	0.0370340988739206	0.0523975458963767	1.86023268525765e-06	0.0866740942874075	0.410407565079148	-277395.523798103	383205
"90%"	0.037035883618734	0.0524043745717835	2.04867342125377e-06	0.086728753762103	0.410436013612336	-277395.415118948	383205
"92.5%"	0.0370375368268721	0.0524135841141723	2.30610849546322e-06	0.0867900042354576	0.410468261807325	-277395.280746734	383205
"95%"	0.03704011180752	0.0524240967150536	2.65236044666653e-06	0.0868690657822054	0.410511263221799	-277395.132519214	383205
"97.5%"	0.0370445984263993	0.0524429581420383	3.25340059496294e-06	0.0870142182742813	0.410573219569665	-277394.957074472	383205
"100%"	0.0370750219972821	0.0525294492157492	9.96923000158076e-06	0.0875970860160899	0.410938280579473	-277394.423836745	383205
"Mean"	0.0359812333922754	0.039494932616569	3.60582714241862e-07	0.0844064837786447	0.407594464830136	59651.6682762952	507264
"Std."	7.60515594038732e-06	2.94852964579351e-05	3.39617337888e-07	0.000273726707235189	0.000115892619819236	1.68467404119436	507264
"Acceptance ratio"	0.1644	0.2015	0.03282	0.11982	0.1913	0.53916	507264
"0%"	0.0359500029428221	0.0393791428951317	1.08516164130616e-11	0.0834211182800005	0.407109024833488	59638.1557721449	507264
"2.5%"	0.035966229576826	0.0394354610953439	1.15579119418121e-08	0.0838903497682653	0.407363719014016	59647.5706920959	507264
"5%"	0.0359687246403087	0.0394462581991092	1.91921695112536e-08	0.0839708688821892	0.407403510561683	59648.5072014062	507264
"7.5%"	0.0359703578850587	0.0394527685406225	3.18984236013525e-08	0.0840229406938819	0.40742708730534	59649.0330328512	507264
"10%"	0.0359716191401204	0.0394569866711993	4.57117883074055e-08	0.0840585630763225	0.407443435843782	59649.419679217	507264
"12.5%"	0.0359726285169228	0.039460926137842	5.95132536526011e-08	0.0840869214160226	0.40745863829268	59649.7276301524	507264
"15%"	0.0359736148159311	0.0394640000887073	6.74998752057947e-08	0.0841162536366696	0.407472224192714	59649.9759187307	507264
"17.5%"	0.0359743349582107	0.0394672572359192	7.93023322568413e-08	0.0841401661116472	0.407487108897817	59650.1998352053	507264
"20%"	0.0359750455866579	0.0394702529915227	8.60751236326201e-08	0.084164576094381	0.407497842016362	59650.3856222564	507264
"22.5%"	0.0359756477815107	0.039472805539782	9.51369782610468e-08	0.0841955428471	0.407508050261717	59650.569774447	507264
"25%"	0.0359762721483597	0.0394748909656289	1.11666678965084e-07	0.0842149600442802	0.407518252681193	59650.7413388714	507264
"27.5%"	0.0359767522641629	0.0394772993868784	1.25623723186198e-07	0.0842351981649075	0.407526430437554	59650.8957989231	507264
"30%"	0.0359772389915082	0.0394792499801053	1.39954396177649e-07	0.0842563317450609	0.407536104201395	59651.0480546737	507264
"32.5%"	0.0359777031012843	0.039481377947736	1.53884981087271e-07	0.0842750074910512	0.407544718513724	59651.1881606333	507264
"35%"	0.0359782616985658	0.0394835058499663	1.77321691280671e-07	0.0842947962228634	0.407551972032991	59651.3211397789	507264
"37.5%"	0.0359788372230655	0.039485444513505	1.91156881598102e-07	0.0843144038495733	0.407559077652387	59651.4457374322	507264
"40%"	0.035979306000332	0.0394877755113324	2.07791359369126e-07	0.0843309835753514	0.407566027485989	59651.5603887532	507264
"42.5%"	0.0359798347947917	0.0394894720703971	2.21916255799824e-07	0.0843453212616559	0.407573372548766	59651.6705845874	507264
"45%"	0.0359802421321186	0.0394911665872461	2.35859650206266e-07	0.0843650654794922	0.407580861240275	59651.7748934487	507264
"47.5%"	0.0359806793987839	0.039492812564103	2.53423718249884e-07	0.0843851529243479	0.407589026161817	59651.8714979803	507264
"50%"	0.0359811300943582	0.0394950634440683	2.73773942841429e-07	0.0844059045565383	0.407595961691715	59651.9739600862	507264
"52.5%"	0.0359816072655104	0.0394972350200252	2.93685560082453e-07	0.0844249350425497	0.40760202903771	59652.066100996	507264
"55%"	0.0359820644703197	0.0394991732652262	3.12753233825881e-07	0.0844412977696573	0.407609358220881	59652.1594998464	507264
"57.5%"	0.0359825489946474	0.03950104319002	3.25845945790474e-07	0.084457901761651	0.40761679051931	59652.2471649088	507264
"60%"	0.0359830136589829	0.0395031330562452	3.37336063172444e-07	0.0844718607646128	0.407623703271779	59652.3374047566	507264
"62.5%"	0.0359835385405948	0.03950504229642	3.56720837026674e-07	0.0844894186902095	0.40763118844388	59652.4374695309	507264
"65%"	0.0359839743675527	0.039507123036904	3.77002169020503e-07	0.0845076806055753	0.407639063588821	59652.5345301057	507264
"67.5%"	0.0359845258821192	0.0395091523760519	4.05086132510266e-07	0.0845286213868454	0.407646815597235	59652.6269409963	507264
"70%"	0.0359850954992853	0.0395111054748887	4.35334514213968e-07	0.0845510924216398	0.407654510617731	59652.7219086497	507264
"72.5%"	0.0359855642924193	0.0395130860894101	4.51900759419369e-07	0.0845726565443199	0.407662309698041	59652.8170884876	507264
"75%"	0.0359861844177963	0.039515132481045	4.8335093427346e-07	0.0845886253731502	0.407670596799643	59652.9083142972	507264
"77.5%"	0.0359868515548258	0.0395175404606463	5.08872137549379e-07	0.0846114196256866	0.40767972247064	59652.9994348539	507264
"80%"	0.0359876474314062	0.0395200052071108	5.49889943818077e-07	0.084631867801186	0.407689399872773	59653.0911329204	507264
"82.5%"	0.0359883681427343	0.0395229639080909	6.06731659558808e-07	0.084663419584463	0.407700556290304	59653.1989667341	507264
"85%"	0.0359891710122779	0.039525585547169	6.72141935909703e-07	0.0846896417432412	0.407712764269185	59653.2999257464	507264
"87.5%"	0.0359901423279401	0.0395292877400982	7.45641747800991e-07	0.084725442177674	0.407726691221699	59653.4156539245	507264
"90%"	0.0359911760378861	0.0395326081609465	8.41975494579649e-07	0.0847576099899041	0.407741914960488	59653.5377666054	507264
"92.5%"	0.0359923410629521	0.0395373465915296	9.33999233632445e-07	0.0848020542961452	0.407762132859731	59653.666826956	507264
"95%"	0.0359938663064933	0.0395429674593479	1.03148863785118e-06	0.0848730878189715	0.407783671346349	59653.8401195842	507264
"97.5%"	0.035995985243745	0.039551607054369	1.21188951694119e-06	0.0849616629795635	0.407822824321595	59654.0563885815	507264
"100%"	0.0360161663248806	0.0396012534545002	2.75660231844684e-06	0.085441119423825	0.408031807364433	59654.6439380664	507264
"Mean"	0.0368896319393674	0.0430810149784041	4.59051166860116e-07	0.0942556026468638	0.412137984145349	-157441.337268706	507265
"Std."	1.26963827772033e-05	4.07460647440614e-05	4.47932709537473e-07	0.000367167696301985	0.000186449487190182	1.79746805515029	507265
"Acceptance ratio"	0.13234	0.16348	0.04178	0.18632	0.1514	0.51842	507265
"0%"	0.0368400990300541	0.0429376267805423	4.91635638125269e-10	0.0929293734757284	0.411409179583159	-157451.984833526	507265
"2.5%"	0.0368652617485123	0.0430001251849397	9.87528420981983e-09	0.0935222407164993	0.411765001988045	-157445.664556097	507265
"5%"	0.0368690111116011	0.0430143230970615	1.6454319189294e-08	0.0936682659746403	0.411830386837238	-157444.747018109	507265
"7.5%"	0.0368714858370142	0.0430225938338118	2.91425489290967e-08	0.093742602316025	0.411869041799923	-157444.208037637	507265
"10%"	0.036873777587935	0.0430298284986994	4.20441938164379e-08	0.0937977702377954	0.411901504881561	-157443.784442249	507265
"12.5%"	0.0368751145151868	0.0430343722146633	4.97582762444022e-08	0.0938414538872567	0.411924517445458	-157443.44161602	507265
"15%"	0.0368765886572321	0.0430388176293964	6.38142948343966e-08	0.0938855510009143	0.411945774042648	-157443.173665488	507265
"17.5%"	0.0368777030194598	0.0430436338802632	7.56132363607417e-08	0.0939206314677164	0.411966330540324	-157442.885977179	507265
"20%"	0.0368788411763006	0.0430470392272596	8.82128626436785e-08	0.0939569804345144	0.411979620972138	-157442.664978413	507265
"22.5%"	0.0368799630325144	0.0430507177998064	1.03247880274135e-07	0.0939852425820673	0.411997520079995	-157442.470855353	507265
"25%"	0.0368808631915292	0.0430539195926559	1.25890848773999e-07	0.0940136874359243	0.412013463474041	-157442.298567522	507265
"27.5%"	0.0368818956100162	0.0430570898256362	1.41481805855946e-07	0.0940386333429324	0.412026636164528	-157442.141428916	507265
"30%"	0.0368828676204486	0.0430600841847533	1.60275425612106e-07	0.0940642792367826	0.412040868905697	-157441.996304784	507265
"32.5%"	0.0368838266726623	0.0430626703714993	1.71739374607944e-07	0.0940901302150226	0.412053476443723	-157441.851373387	507265
"35%"	0.0368846331949221	0.0430656773359869	1.94982273781123e-07	0.0941150758265426	0.412065015622544	-157441.712002247	507265
"37.5%"	0.0368855710702619	0.0430680826787243	2.17475954146282e-07	0.0941392997476519	0.412077850687646	-157441.571158875	507265
"40%"	0.0368863730120398	0.0430708827111587	2.3354092924724e-07	0.094163957160687	0.41209213109601	-157441.444912684	507265
"42.5%"	0.0368870684662703	0.0430737489458074	2.5352732091646e-07	0.0941876641725146	0.412103977626354	-157441.328221807	507265
"45%"	0.0368877974798651	0.0430760230394873	2.76676966956903e-07	0.0942111024829276	0.412117303829357	-157441.19535523	507265
"47.5%"	0.0368886485632125	0.043078299323254	2.99758313726282e-07	0.0942339981013766	0.412127344743966	-157441.086346955	507265
"50%"	0.0368893702935496	0.0430808062270111	3.27424791103636e-07	0.0942559687376431	0.412140579203074	-157440.982730761	507265
"52.5%"	0.0368901131470938	0.0430834401613961	3.50813057586902e-07	0.0942757231451572	0.412154136985054	-157440.87710941	507265
"55%"	0.036890997239111	0.043085756818252	3.88758345994e-07	0.0943018500872793	0.412164168680915	-157440.775677632	507265
"57.5%"	0.0368917652563749	0.0430887441381652	4.19501548320304e-07	0.0943249176186738	0.412175865718463	-157440.676913339	507265
"60%"	0.036892589273556	0.0430909956623571	4.4301743916173e-07	0.0943474352406314	0.412187083927164	-157440.579158426	507265
"62.5%"	0.0368934691046578	0.0430935942468458	4.73573433055244e-07	0.0943686675433578	0.412199819858677	-157440.484920865	507265
"65%"	0.0368943047840698	0.0430963834732384	4.97025519800291e-07	0.0943920704630545	0.412211158538188	-157440.392587124	507265
"67.5%"	0.0368952518955625	0.0430989253544818	5.39229763500789e-07	0.094419695122878	0.412223851790806	-157440.293207998	507265
"70%"	0.0368962824212357	0.0431015651706636	5.76367855558136e-07	0.0944420406358729	0.412237189272647	-157440.192241342	507265
"72.5%"	0.0368971522296029	0.0431048285547332	6.25301844341871e-07	0.0944699384407576	0.412249672473395	-157440.097727063	507265
"75%"	0.0368980776436807	0.0431081551878681	6.54823948058846e-07	0.0944978494683235	0.412262761224316	-157440.001493753	507265
"77.5%"	0.0368991361010301	0.0431115511223282	7.07012044408117e-07	0.0945281268579736	0.412279570506714	-157439.903328011	507265
"80%"	0.0369002637237284	0.0431152461042401	7.65580049191169e-07	0.0945577122024778	0.412294063377186	-157439.805509808	507265
"82.5%"	0.0369014001152233	0.0431183500949524	8.17774653340093e-07	0.0945941077002485	0.412309687585058	-157439.707173421	507265
"85%"	0.0369027336771005	0.0431222782934434	8.82256761624797e-07	0.0946314066263461	0.412329375927003	-157439.60801312	507265
"87.5%"	0.036904406666674	0.043126427371985	9.51406545107038e-07	0.0946776952912493	0.412348352437138	-157439.497903818	507265
"90%"	0.0369062717225127	0.0431321333418028	1.05206718216954e-06	0.094730552143533	0.412376545206295	-157439.374680734	507265
"92.5%"	0.0369080194294791	0.0431377266467086	1.16236699133143e-06	0.0947811135568964	0.41240671567758	-157439.240514063	507265
"95%"	0.0369105606622801	0.0431471407597425	1.34016325202753e-06	0.0948513407862928	0.412447794139659	-157439.081919538	507265
"97.5%"	0.0369150620393987	0.0431628027673371	1.59234762574788e-06	0.0949653902848578	0.412497245561055	-157438.885704253	507265
"100%"	0.03693528298049	0.0432519853178025	3.65074312439724e-06	0.0955694917345707	0.412908740173678	-157438.296597805	507265
"Mean"	0.037426406172157	0.0402008058723984	9.10021451341818e-07	0.100297994210336	0.400820988185945	-103047.017707969	759877
"Std."	1.62886751233636e-05	5.43611707304813e-05	9.07097921417559e-07	0.000562207702774062	0.000233614139331106	1.73997966538947	759877
"Acceptance ratio"	0.17642	0.20644	0.08196	0.1378	0.19346	0.58058	759877
"0%"	0.0373614591360449	0.0399641286405108	1.82019843379599e-10	0.0984233604300901	0.399890577061521	-103061.74497444	759877
"2.5%"	0.037394713516324	0.0400924304352368	2.26855902526691e-08	0.0992648855339075	0.400369976686503	-103051.1728024	759877
"5%"	0.0373995379856316	0.0401099635532546	4.77488486041746e-08	0.0994057122573012	0.400442133139572	-103050.296505689	759877
"7.5%"	0.0374029206079157	0.0401224245221447	7.06372115449565e-08	0.0995229047709252	0.400484828358836	-103049.752097817	759877
"10%"	0.0374054283265476	0.0401305505742769	9.90299007613565e-08	0.0995950778652145	0.400521790286487	-103049.353423248	759877
"12.5%"	0.0374074975765504	0.0401375714578111	1.30003097956757e-07	0.099648183793541	0.400557122237999	-103049.037447426	759877
"15%"	0.0374094881805029	0.0401436702146534	1.51079547889825e-07	0.099712031880503	0.400579162477672	-103048.768250675	759877
"17.5%"	0.037411158058212	0.0401492436986889	1.78910533631773e-07	0.0997679022720482	0.400602469384598	-103048.521894982	759877
"20%"	0.0374125715879806	0.0401542186674877	2.07657665211127e-07	0.099810960804499	0.400624833010976	-103048.297256705	759877
"22.5%"	0.0374139324295069	0.0401595833470344	2.30716933445831e-07	0.0998623484096783	0.400646339681936	-103048.115881486	759877
"25%"	0.0374153774452205	0.0401641695030082	2.58267321277831e-07	0.0999088997989174	0.400664147554754	-103047.939427574	759877
"27.5%"	0.0374164779890807	0.0401685483437512	2.84604245914102e-07	0.0999509845679837	0.40068060221539	-103047.783752403	759877
"30%"	0.0374176106669522	0.0401729628548691	3.16406730541609e-07	0.0999907481114028	0.400697040588694	-103047.635106352	759877
"32.5%"	0.0374188098325701	0.0401769809380562	3.48260005171689e-07	0.100031972092085	0.400713915108316	-103047.486956582	759877
"35%"	0.0374198770633342	0.0401811142367528	3.87058005444687e-07	0.100070078428009	0.400731282682576	-103047.357573046	759877
"37.5%"	0.0374211089048954	0.0401844091954397	4.27946607197391e-07	0.10010901564612	0.400746676862379	-103047.231594654	759877
"40%"	0.0374220852213248	0.0401884153581028	4.62944256322757e-07	0.100141198874709	0.400760479292827	-103047.11383905	759877
"42.5%"	0.0374232715394143	0.0401920737648555	5.03870392965146e-07	0.100175320320852	0.400774759968789	-103047.000247338	759877
"45%"	0.0374243090710768	0.0401952074868541	5.45365190467058e-07	0.100212796635476	0.40078941782209	-103046.889358511	759877
"47.5%"	0.0374252879228982	0.0401986968268893	5.79309740324613e-07	0.100247346267335	0.400802839075578	-103046.777518066	759877
"50%"	0.0374266064235419	0.0402019377036945	6.27561600860082e-07	0.100278816867256	0.400816438104648	-103046.678392655	759877
"52.5%"	0.0374276625971487	0.0402059772131736	6.69351120109501e-07	0.100317076879809	0.40083026843434	-103046.581204728	759877
"55%"	0.0374287939301314	0.0402092489040097	7.23831596601433e-07	0.100352481193463	0.40084417265309	-103046.48059959	759877
"57.5%"	0.03742989415692	0.0402124006135162	7.71891689495477e-07	0.100393008567764	0.400860448857862	-103046.383602154	759877
"60%"	0.0374309551886809	0.0402163502033785	8.53845509401125e-07	0.100435408206751	0.400875450348165	-103046.291428036	759877
"62.5%"	0.0374319587038096	0.0402199305045335	9.03528441166555e-07	0.100469876279989	0.400892364301873	-103046.197195344	759877
"65%"	0.0374330119912685	0.040223517123692	9.78018950846412e-07	0.100505918391931	0.400906460840138	-103046.112259116	759877
"67.5%"	0.0374340486453593	0.040226568854409	1.05232768989577e-06	0.100544061307498	0.400923183081022	-103046.017073351	759877
"70%"	0.0374350868913727	0.0402302250522508	1.1093019443162e-06	0.100577586423266	0.400938282068713	-103045.938438021	759877
"72.5%"	0.0374363601883469	0.0402338243586326	1.18091197516938e-06	0.100616738346284	0.400957058881509	-103045.848057489	759877
"75%"	0.0374375153463347	0.0402378528218194	1.25821349424254e-06	0.100669242828195	0.400976203942675	-103045.749705436	759877
"77.5%"	0.0374387593867256	0.04024228946411	1.35050063549568e-06	0.10071721919899	0.400995070944374	-103045.652510914	759877
"80%"	0.0374399504784777	0.040246840904364	1.46320081690569e-06	0.100773672236351	0.401017143031759	-103045.551262274	759877
"82.5%"	0.0374413421942306	0.0402516168954725	1.5740356951048e-06	0.10082998343542	0.401043310563105	-103045.44805541	759877
"85%"	0.0374430087470114	0.0402563363902047	1.73138131513459e-06	0.100891661508476	0.401068931759819	-103045.347270873	759877
"87.5%"	0.0374451060697975	0.040262142092108	1.88941501972711e-06	0.100957258732374	0.401097586682535	-103045.245894989	759877
"90%"	0.0374473246795202	0.0402689258448103	2.07004102843152e-06	0.101031249269562	0.401125311485337	-103045.138179823	759877
"92.5%"	0.0374498582825058	0.0402769406852067	2.34431978277376e-06	0.101105868665722	0.401166480471228	-103044.999342607	759877
"95%"	0.0374529280839454	0.0402880188686907	2.71659078107437e-06	0.101247727757853	0.401210119541314	-103044.836240762	759877
"97.5%"	0.0374579368723608	0.0403036408505523	3.32287834945799e-06	0.101435847493869	0.401276584098458	-103044.639005503	759877
"100%"	0.0374931083167181	0.0404138903316041	8.28760879717677e-06	0.102351560538598	0.401775386008832	-103044.071147506	759877
